Redirect from,Redirect to
/about,/pages/about
/about-us,/pages/about
/anniversary-guide,/blogs/guides/anniversary-flowers-by-year
/astrology,/blogs/guides/zodiac-crystals
/astrology-pairing,/blogs/guides/zodiac-crystals
/blank,/
/blank-3,/
/blog,/blogs/journal
/buy-back-program,/pages/buy-back-programme
/buy-back-programme,/pages/buy-back-programme
/claims-payment,/pages/contact
/contact,/pages/contact
/contact-us,/pages/contact
/crystal-gifting-guide,/blogs/guides/crystal-meanings
/crystal-library,/blogs/guides/crystal-meanings
/crystals-by-color,/blogs/guides/crystals-by-colour
/crystals-by-colour,/blogs/guides/crystals-by-colour
/crystals-by-formation,/blogs/guides/crystal-meanings
/crystals-by-intention,/blogs/guides/crystal-meanings
/delivery,/pages/delivery
/delivery-information,/pages/delivery
/ethical-sourcing,/pages/ethical-sourcing
/faq,/pages/faqs
/faqs,/pages/faqs
/floral-hire,/pages/floral-hire
/greeting-card-messages,/blogs/guides/what-to-write-in-a-card
/greetings-card-messages,/blogs/guides/what-to-write-in-a-card
/instagram-bio,/
/privacy,/policies/privacy-policy
/privacy-policy,/policies/privacy-policy
/refund-policy,/policies/refund-policy
/returns,/policies/refund-policy
/returns-policy,/policies/refund-policy
/shop,/collections/all
/shop-1,/collections/all
/subscription,/pages/flower-subscription
/terms,/policies/terms-of-service
/terms-and-conditions,/policies/terms-of-service
